id,name
1,Amiens
2,Nairobi
3,Zhaike
4,Bothaville
5,Lavadorinhos
6,Laingsburg
7,Sumqayıt
8,Longquan
9,Ishikawa
10,La‘l
11,Luohuang
12,Pochinok
13,Montréal-Ouest
14,Liufang
15,Tegalloa
16,Gwandu
17,Halat
18,Kieta
19,Niny
20,Rogoźnik
21,Naḩḩālīn
22,Neuilly-sur-Seine
23,Bentar Girang
24,Brampton
25,Gunungpeundeuy
26,Marxog
27,Gataivai
28,Guandukou
29,Bergerac
30,Krajan Suco
31,Noyal-sur-Vilaine
32,Moyogalpa
33,Uujim
34,Sajan
35,Černý Most
36,Kabulusan
37,Huaguoshan
38,Libertad
39,Piripiri
40,Jiangxiangzhen
41,Reinaldes
42,Villiers
43,Suwatu
44,Chengjiang
45,Vahdat
46,Targanice
47,Dijon
48,Wewoloe
49,New Yekepa
50,Kambaxoi
51,El Rancho
52,Bochov
53,Calizo
54,Lamphun
55,Balitai
56,Rychvald
57,El Agua Dulcita
58,Nangka
59,Chengyang
60,Kabongan Kidul
61,Bang Len
62,Douala
63,Enköping
64,Qozonketkan
65,Ningyang
66,Ratíškovice
67,Kendung Timur
68,Lynn
69,Prilep
70,Canillo
71,Bang Phlat
72,Krajan Waturoyo
73,Detusoko
74,Thị Trấn Mộc Châu
75,Zhigulevsk
76,Wuyao
77,Tunoshna
78,Al Jubayhah
79,Jansenville
80,Point Hill
81,Cantapoy
82,Jiyukou
83,Saaban
84,Sembabule
85,Jieznas
86,Ljig
87,Lidingö
88,Paine
89,Huafeng
90,Yangzhuang
91,Cayenne
92,Salerno
93,Ngurenrejo
94,Boyle
95,Palue
96,Bang Rak
97,Marcabamba
98,Haizhouwobao
99,Kimitsu
100,San Lucas
